,Accuracy,Precision,Recall,F1-Score,ROC-AUC
Logistic Regression (Baseline),0.760 ± 0.066,0.843,0.857,0.841 ± 0.049,0.723 ± 0.164
KNN (Distance),0.739 ± 0.090,0.809,0.874,0.830 ± 0.071,0.763 ± 0.156
Random Forest (Bagging),0.758 ± 0.077,0.816,0.889,0.843 ± 0.062,0.838 ± 0.149
XGBoost (Boosting),0.771 ± 0.118,0.813,0.908,0.849 ± 0.092,0.780 ± 0.241
LightGBM (Boosting),0.766 ± 0.119,0.815,0.901,0.846 ± 0.092,0.847 ± 0.148
SVM-RBF (Kernel),0.792 ± 0.052,0.825,0.942,0.869 ± 0.043,0.674 ± 0.213
Deep Neural Network (MLP),0.767 ± 0.094,0.850,0.861,0.844 ± 0.067,0.863 ± 0.120
Voting Ensemble (Soft),0.767 ± 0.050,0.833,0.882,0.847 ± 0.046,0.834 ± 0.133
Stacking Ensemble,0.784 ± 0.088,0.818,0.928,0.863 ± 0.066,0.799 ± 0.183
