"ID","name","versionNumber","contentType","dataFileSizeBytes","createdBy","createdOn","modifiedBy","modifiedOn","parentId","synapseURL","dataFileMD5Hex"
"syn11022140","slurmrunner.pl","2","text/x-perl-script","628","3344014","1507130080768","3344014","1509757048943","syn11021860","https://www.synapse.org/#!Synapse:syn11022140.2","bda8f74614335ebdb4bd03314308139d"
"syn11022136","split_samples_para.R","1","text/plain","629","3344014","1507130078558","3344014","1509757090115","syn11021860","https://www.synapse.org/#!Synapse:syn11022136.1","63f53ee00ccdb1cf65d7bfeae5307df9"
"syn11022162","feature_selection_para.R","1","text/plain","691","3344014","1507130117397","3344014","1509757065573","syn11021860","https://www.synapse.org/#!Synapse:syn11022162.1","4bc9f8a3979169d0625ac2bebef2e6d1"
"syn11022167","download_testing_rawdata.R","1","text/plain","1240","3344014","1507130122925","3344014","1509757060534","syn11021860","https://www.synapse.org/#!Synapse:syn11022167.1","842ae79346c33f8ac4b0caf85311af3a"
"syn11021873","install_R_lib.R","2","text/plain","1395","3344014","1507128767208","3344014","1509757070737","syn11021860","https://www.synapse.org/#!Synapse:syn11021873.2","9fa18dcfc9bf17075c03c33fff82bb33"
"syn11022161","filter_recordId.R","1","text/plain","1409","3344014","1507130115444","3344014","1509757066959","syn11021860","https://www.synapse.org/#!Synapse:syn11022161.1","95f720d329eb638759a50481a3f7b3ac"
"syn11022171","bagging_importance_para.R","4","text/plain","1511","3344014","1507130126958","3344014","1509757056684","syn11021860","https://www.synapse.org/#!Synapse:syn11022171.4","4e109d802d39aa17c7709c391bb16204"
"syn11022220","feature_selection_merge_rf_svm_imp.R","1","text/plain","1530","3344014","1507130302684","3344014","1507130302684","syn11022206","https://www.synapse.org/#!Synapse:syn11022220.1","5f415a26e6dc169c04404c2429c4d972"
"syn11022169","download_supp_rawdata.R","1","text/plain","1533","3344014","1507130124993","3344014","1509757058917","syn11021860","https://www.synapse.org/#!Synapse:syn11022169.1","e2c2b75caefd71172a2faae40293da7e"
"syn11388615","feature_ttest.R","1","text/plain","1695","3344014","1509757158128","3344014","1509757158128","syn11388612","https://www.synapse.org/#!Synapse:syn11388615.1","6f82004c7a33a104f056d98090ae166a"
"syn11022155","run_table_test.R","1","text/plain","1871","3344014","1507130095462","3344014","1509757078207","syn11021860","https://www.synapse.org/#!Synapse:syn11022155.1","34ee161a5886448c4fb7d54dd3fb5696"
"syn11022153","run_table_total.R","1","text/plain","1985","3344014","1507130094092","3344014","1509757079259","syn11021860","https://www.synapse.org/#!Synapse:syn11022153.1","87fa7fa783716d683a1fd7830807b8b3"
"syn11022150","run_table.R","1","text/plain","2422","3344014","1507130092438","3344014","1509757081020","syn11021860","https://www.synapse.org/#!Synapse:syn11022150.1","e58c8d3d7cbb3a11f536756038a7466e"
"syn11022158","pr_demo.R","3","text/plain","2513","3344014","1507130099816","3344014","1509757076098","syn11021860","https://www.synapse.org/#!Synapse:syn11022158.3","f5508d6f11ba90d38ed3ca721fd48bf0"
"syn11022156","run_table_recordId.R","1","text/plain","2552","3344014","1507130096872","3344014","1509757077184","syn11021860","https://www.synapse.org/#!Synapse:syn11022156.1","490925335620bea966a6cdca8787d656"
"syn11388618","merging_remove_redundant_v2.R","1","text/plain","2677","3344014","1509757161218","3344014","1509757161218","syn11388612","https://www.synapse.org/#!Synapse:syn11388618.1","757583afa728dccbbba59cfaad146e47"
"syn11388619","merging_remove_redundant.R","1","text/plain","2677","3344014","1509757162931","3344014","1509757162931","syn11388612","https://www.synapse.org/#!Synapse:syn11388619.1","757583afa728dccbbba59cfaad146e47"
"syn11021888","download_training_rawdata.R","1","text/plain","2778","3344014","1507128841101","3344014","1509757062141","syn11021860","https://www.synapse.org/#!Synapse:syn11021888.1","8802546217cdafc9289b39e6136919b4"
"syn11022160","get_final_fetures.R","1","text/plain","2988","3344014","1507130113760","3344014","1509757068282","syn11021860","https://www.synapse.org/#!Synapse:syn11022160.1","e6958d2734b1a883ffda5e587bf5f172"
"syn11388622","split_samples_Ldopa_v2.R","1","text/plain","3254","3344014","1509757180471","3344014","1509757180471","syn11388612","https://www.synapse.org/#!Synapse:syn11388622.1","124bbdf1df4bd7c1cdcaec60d8240237"
"syn11022217","split_samples.R","1","text/plain","4082","3344014","1507130297295","3344014","1507130297295","syn11022206","https://www.synapse.org/#!Synapse:syn11022217.1","c75d052703758e11bb80ab2cdbe6c46f"
"syn11388623","split_samples_Ldopa.R","1","text/plain","4126","3344014","1509757182177","3344014","1509757182177","syn11388612","https://www.synapse.org/#!Synapse:syn11388623.1","b02d71bfe6a4429199605c7c75401592"
"syn11022219","feature_selection_rf_svm_screen_02_fork_v2.R","1","text/plain","4224","3344014","1507130300296","3344014","1507130300296","syn11022206","https://www.synapse.org/#!Synapse:syn11022219.1","448499014313331e0e7b06b65d3aec5d"
"syn11388613","Ldopa_get_final_fetures_v2.R","1","text/plain","4585","3344014","1509757154154","3344014","1509757154154","syn11388612","https://www.synapse.org/#!Synapse:syn11388613.1","a147512a08f1a6e12da578e33d6fee30"
"syn11388620","split_samples_Ldopa_mergeTask_v3.R","1","text/plain","4879","3344014","1509757175109","3344014","1509757175109","syn11388612","https://www.synapse.org/#!Synapse:syn11388620.1","7494973fefe0c1ba84dc96e1d4d2aa7e"
"syn11388617","Ldopa_get_final_fetures.R","1","text/plain","4963","3344014","1509757159736","3344014","1509757159736","syn11388612","https://www.synapse.org/#!Synapse:syn11388617.1","691c4df0ba8a9acf52f23427b06664aa"
"syn11022163","feature_selection_caret_test_accu_03_v2.R","1","text/plain","5042","3344014","1507130119766","3344014","1509757063623","syn11021860","https://www.synapse.org/#!Synapse:syn11022163.1","bfe8299afbe771ba42c5517d39a10064"
"syn11022221","feature_selection_caret_test_accu_03_v2.R","1","text/plain","5271","3344014","1507130304158","3344014","1507130304158","syn11022206","https://www.synapse.org/#!Synapse:syn11022221.1","106dae4719a5c905bfd8c2f5190af8bd"
"syn11022159","pbsv2.pl","1","text/x-perl-script","5283","3344014","1507130107215","3344014","1509757044430","syn11021860","https://www.synapse.org/#!Synapse:syn11022159.1","8f3072df965ec1f92c36c565830b8c72"
"syn11388621","split_samples_Ldopa_mergeTask_v4.R","1","text/plain","5286","3344014","1509757178388","3344014","1509757178388","syn11388612","https://www.synapse.org/#!Synapse:syn11388621.1","5ac93d421fe7bec4655b17776f4ba4c0"
"syn11022218","feature_selection_rf_svm_screen_02_v3.R","1","text/plain","6744","3344014","1507130298836","3344014","1507130298836","syn11022206","https://www.synapse.org/#!Synapse:syn11022218.1","220341257159b862a81fc6ce9e7bb7ba"
"syn11388614","split_samples_Ldopa_mergeTask_ttest_v5.R","1","text/plain","6857","3344014","1509757156331","3344014","1509757156331","syn11388612","https://www.synapse.org/#!Synapse:syn11388614.1","a0d19433245a79fb2201d06743831299"
"syn11388624","README_PD_Ldopa.sh","1","application/x-sh","9371","3344014","1509757182752","3344014","1509757182752","syn11388612","https://www.synapse.org/#!Synapse:syn11388624.1","29546713f22ab866be0bf2bccba586be"
"syn11022134","test_features.R","2","application/x-sh","9371","3344014","1507130077149","3344014","1509757094304","syn11021860","https://www.synapse.org/#!Synapse:syn11022134.2","29546713f22ab866be0bf2bccba586be"
"syn11022147","run3_wavelets1.R","1","text/plain","9827","3344014","1507130089572","3344014","1509757084502","syn11021860","https://www.synapse.org/#!Synapse:syn11022147.1","1517ef42cd7abe817c9ce9b88df571cf"
"syn11022145","run4_wavelets1.R","1","text/plain","9839","3344014","1507130087391","3344014","1509757085781","syn11021860","https://www.synapse.org/#!Synapse:syn11022145.1","7e90387c035bb60c0b61940f12a679be"
"syn11022149","run2_wavelets1.R","1","text/plain","9896","3344014","1507130090999","3344014","1509757082370","syn11021860","https://www.synapse.org/#!Synapse:syn11022149.1","2e21f005d5e99b0c21a40f0e7b7986e7"
"syn11022143","run10_wavelets1.R","1","text/plain","9971","3344014","1507130084242","3344014","1509757087578","syn11021860","https://www.synapse.org/#!Synapse:syn11022143.1","4705e098a73c8fc0020968354539949d"
"syn11022141","run11_wavelets1.R","1","text/plain","9971","3344014","1507130082658","3344014","1509757089008","syn11021860","https://www.synapse.org/#!Synapse:syn11022141.1","7ebbce34477a91d5dd9f6450c08360a7"
"syn11022144","run9_wavelets1.R","1","text/plain","10014","3344014","1507130085791","3344014","1509757086649","syn11021860","https://www.synapse.org/#!Synapse:syn11022144.1","179a0466a69d9ec34609601c06d9ef39"
"syn11022157","README_PD_Pipeline.sh","3","application/x-sh","11871","3344014","1507130098484","3344014","1509757096534","syn11021860","https://www.synapse.org/#!Synapse:syn11022157.3","4f4fc29dc03b9d33dfacdadcb3482f33"
"syn11022187","myDynamic.pm","1","text/x-perl-script","12724","3344014","1507130186008","3344014","1507130186008","syn11022183","https://www.synapse.org/#!Synapse:syn11022187.1","863e79048c1472331ff0987a4c30161e"
"syn11022223","other_folds.zip","2","application/zip","83308","3344014","1507130327755","3344014","1509757023951","syn11021860","https://www.synapse.org/#!Synapse:syn11022223.2","627d63037b094b73949fa44e10e34d8f"
"syn11021872","PDdream_0.2.1.tar.gz","2","application/x-gzip","5845477","3344014","1507128740079","3344014","1509757042575","syn11021860","https://www.synapse.org/#!Synapse:syn11021872.2","d952f65ad86ee39ece5ad3ecca3d74c5"
